attribution,tags,type,location,comments,filter,created_time,link,likes,images,users_in_photo,caption,user_has_liked,id,user
,,image,,,Normal,1442273419,https://instagram.com/p/7oSeShCGSp/,,,,,False,1074189757430916265_654105536,
,,image,,,1977,1442273416,https://instagram.com/p/7oSd5vC33t/,,,,,False,1074189730822454765_1290040734,
,,image,,,Lo-fi,1442273396,https://instagram.com/p/7oSbiHwAdx/,,,,,False,1074189568028182385_31874096,
,,image,,,Juno,1442273387,https://instagram.com/p/7oSaa_u_HX/,,,,,False,1074189491658027479_930333835,
,,image,,,Normal,1442273370,https://instagram.com/p/7oSYRaLHrS/,,,,,False,1074189343925238482_18527845,
,,image,,,Normal,1442273361,https://instagram.com/p/7oSXQoxt6C/,,,,,False,1074189274377019010_1276704534,
,,image,,,Normal,1442273355,https://instagram.com/p/7oSWhIDb7C/,,,,,False,1074189223362150082_1384025878,
,,image,,,Normal,1442273336,https://instagram.com/p/7oSUJlpCsY/,,,,,False,1074189060649790232_104902313,
,,image,,,Normal,1442273258,https://instagram.com/p/7oSKr9Lm60/,,,,,False,1074188410357182132_1518092970,
,,image,,,Normal,1442273233,https://instagram.com/p/7oSHh_sJN4/,,,,,False,1074188193503417208_225168107,
,,image,,,Normal,1442273218,https://instagram.com/p/7oSFuAK0is/,,,,,False,1074188068957407404_2091632769,
,,image,,,Normal,1442273213,https://instagram.com/p/7oSFMEKVTR/,,,,,False,1074188032517166289_576257644,
,,image,,,Normal,1442273212,https://instagram.com/p/7oSE9bpvwm/,,,,,False,1074188016805149734_297832494,
,,image,,,Normal,1442273207,https://instagram.com/p/7oSEYYmxok/,,,,,False,1074187977025591844_973716733,
,,image,,,Normal,1442273206,https://instagram.com/p/7oSESTgtTd/,,,,,False,1074187970497664221_1636190180,
,,image,,,Normal,1442273200,https://instagram.com/p/7oSDkJLLQw/,,,,,False,1074187920932123696_754527860,
,,image,,,Lark,1442273198,https://instagram.com/p/7oSDUNSjAN/,,,,,False,1074187903821295629_1942924747,
,,image,,,Clarendon,1442273193,https://instagram.com/p/7oSCwehVrk/,,,,,False,1074187865455680228_385085341,
,,image,,,Normal,1442273191,https://instagram.com/p/7oSCdzxt5f/,,,,,False,1074187845411200607_1276704534,
,,image,,,Normal,1442273174,https://instagram.com/p/7oSAWMuDGG/,,,,,False,1074187699800781190_2042918595,
